<?xml version="1.0" encoding="UTF-8" standalone="yes"?>
<addon id="repository.jailton-jr" name="Jailton repository" version="0.0.2" provider-name="jailtonjose">
	<extension point="xbmc.addon.repository" name="jailton Add-on Repository">
                                                                                                      		<info compressed="false">http://raw.github.com/Jailton/Jailton-kodi-demo-repo/master/addons.xml</info>
		<checksum>http://raw.github.com/Jailton/jailton-kodi-demo-repo/master/addons.xml.md5</checksum>
		<datadir zip="true">http://raw.github.com/Jailton/Jailton-kodi-demo-repo/master/repo/</datadir>
	</extension>
	<extension point="xbmc.addon.metadata">
		<summary>Jailton Addon</summary>
		<description>Addon Description</description>
		<disclaimer></disclaimer>
		<platform>all</platform>
	</extension>
</addon>